target,numax(smooth),numax(smooth)_err,maxamp(smooth),maxamp(smooth)_err,numax(gauss),numax(gauss)_err,maxamp(gauss),maxamp(gauss)_err,fwhm,fwhm_err,dnu,dnu_err
11618103.0,106.29761241,1.1459522027952125,860.7137308943651,82.37722571967493,106.34331761189024,0.9307432679926451,774.9163498798706,73.0356093042619,13.963750116396492,0.9479299359877854,9.37649620499999,0.0572975348976984
