target,numax,dnu,snr
11618103.0,105.57167173747656,9.019655652268249,25.91024063419047
