target,numax,dnu,snr
11618103.0,107.51698908462812,9.151871731734811,60.03750442018609
