parameter,value,uncertainty
numax_smooth,106.25896576,--
amp_smooth,866.4604317791321,--
numax_gaussian,106.33160940445845,--
amp_gaussian,773.6922305939931,--
fwhm_gaussian,13.720001599489242,--
dnu,9.363777318909456,--
wn,1.959698465255513,--
a_1,20189565916.702023,--
b_1,30.02596638870747,--
a_2,2942.64080658603,--
b_2,0.032262308794127795,--
a_3,790.1998725210341,--
b_3,0.01095204030347219,--
