numax_smooth,amp_smooth,numax_gaussian,amp_gaussian,fwhm_gaussian,dnu,wn,a_1,b_1,a_2,b_2,a_3,b_3
106.25896576,866.4604317791321,106.33160940445845,773.6922305939931,13.720001599489242,9.363777318909456,1.959698465255513,20189565916.702023,30.02596638870747,2942.64080658603,0.032262308794127795,790.1998725210341,0.01095204030347219
