target,numax,dnu,snr
11618103.0,107.29233216468734,9.13662758476704,29.863690817035643
