target,numax,dnu,snr
1160867.0,30.881964501780672,3.386238176139029,53.50802139308362
