numax_smooth,amp_smooth,numax_gaussian,amp_gaussian,fwhm_gaussian,dnu,wn,a_1,b_1
642.8778347,16.30199979006973,641.4268111911981,10.810522735109624,61.74891370665605,36.86041106428215,16.13370170129341,58.33399898174157,0.0037354502324416046
