target,numax,dnu,snr
2309595.0,643.6699594506991,38.10020248071801,20.091989007646703
