target,numax(smooth),numax(smooth)_err,maxamp(smooth),maxamp(smooth)_err,numax(gauss),numax(gauss)_err,maxamp(gauss),maxamp(gauss)_err,fwhm,fwhm_err,dnu,dnu_err
2309595.0,646.8007505,7.418525090329991,8.63857747554674,4.209337739725181,652.4503292049442,9.880272270352616,8.791726485665635,3.966819310147533,45.23396699433159,13.116244560269358,37.176001499999565,2.335627783138009
