target,numax,dnu,snr
2309595.0,646.4523546983207,38.23140764410194,12.930760071699165
