target,numax,dnu,snr
2309595.0,645.9148098404232,38.20606841107734,13.71001049856628
