target,numax(smooth),numax(smooth)_err,maxamp(smooth),maxamp(smooth)_err,numax(gauss),numax(gauss)_err,maxamp(gauss),maxamp(gauss)_err,fwhm,fwhm_err,dnu,dnu_err
2309595.0,646.8007505,9.198971108450964,8.63857747554674,4.704952103603764,652.4503292049442,15.155218907821652,8.791726485665635,4.12529753664245,45.23396699433159,11.687600531952382,37.176001499999565,2.373927846248989
