target,numax,dnu,snr
2309595.0,639.4614720479008,37.90153020298462,26.561959396986108
