target,numax(smooth),numax(smooth)_err,maxamp(smooth),maxamp(smooth)_err,numax(gauss),numax(gauss)_err,maxamp(gauss),maxamp(gauss)_err,fwhm,fwhm_err,dnu,dnu_err
2309595.0,646.8007505,10.08919411751141,8.63857747554674,3.561221303167265,652.4503292049442,15.22139258348244,8.791726485665635,3.713122049356055,45.23396699433159,9.758578689363516,36.82737,2.373927846248989
