target,numax(smooth),numax(smooth)_err,maxamp(smooth),maxamp(smooth)_err,numax(gauss),numax(gauss)_err,maxamp(gauss),maxamp(gauss)_err,fwhm,fwhm_err,dnu,dnu_err
2309595.0,646.8007505,10.38593512794449,8.63857747554674,2.1421736658275803,652.4503292049442,11.625295420291197,8.791726485665635,2.647869040033153,45.23396699433159,13.767504400168683,36.82737,0.8902229423433707
