target,numax(smooth),numax(smooth)_err,maxamp(smooth),maxamp(smooth)_err,numax(gauss),numax(gauss)_err,maxamp(gauss),maxamp(gauss)_err,fwhm,fwhm_err,dnu,dnu_err
2309595.0,642.8778347,10.089194124924342,16.26274807523379,4.371692233677909,640.9806816654861,17.312888584617095,10.838690196952173,3.85654011014775,64.03210776823505,16.537181998547613,38.99656674999935,1.7804458846867415
