target,numax(smooth),numax(smooth)_err,maxamp(smooth),maxamp(smooth)_err,numax(gauss),numax(gauss)_err,maxamp(gauss),maxamp(gauss)_err,fwhm,fwhm_err,dnu,dnu_err
2309595.0,646.8007505,10.385935135357506,8.63857747554674,3.307899050000939,652.4503292049442,17.374260309113463,8.791726485665635,3.282291563301366,45.23396699433159,11.970263725741939,37.176001499999565,2.967409807811236
