parameter,value,uncertainty
numax_smooth,642.8778347,--
amp_smooth,16.30199979006973,--
numax_gaussian,641.4268111911981,--
amp_gaussian,10.810522735109624,--
fwhm_gaussian,61.74891370665605,--
dnu,36.86041106428215,--
wn,16.13370170129341,--
a_1,58.33399898174157,--
b_1,0.0037354502324416046,--
