target,numax,dnu,snr
2309595.0,638.8824248027103,37.87417407598915,74.88292422808556
