parameter,value,uncertainty
numax_smooth,642.8778347,9.495712111470944
amp_smooth,16.301999801225072,5.960527065941627
numax_gaussian,641.4268111911981,20.869151689680763
amp_gaussian,10.810522729900937,3.927712366783608
fwhm_gaussian,61.74891367189401,19.528765408269003
dnu,36.858408575537766,2.8531073789960866
wn,16.133701700976964,0.21785819569938686
a_1,58.333999457262486,26.80454302635563
b_1,0.003735450248563355,0.0017302306293063153
