star,numax,dnu,snr
2309595,626.4237839708885,37.28435779530782,5.269921924773688
