target,numax,dnu,snr
1435467.0,1438.90461730366,72.33928131473598,6.459647692917092
