target,numax,dnu,snr
2309595.0,649.4074500636708,38.37063109880236,13.154966802340748
