target,numax,dnu,snr
2303576.0,107.98422842945529,9.183555679301126,38.85797728800448
