target,numax,dnu,snr
2158850.0,1875.7213934461795,89.35890560150645,3.011515484318453
