target,numax,dnu,snr
2422998.0,367.0140931860556,24.348646562147305,5.2596137449044775
