target,numax,dnu,snr
2309595.0,638.884828576153,37.87428764868065,55.99516676264603
