star,numax,dnu,snr
1435467,1438.2756106104437,72.31407699128668,12.380136468665906
