parameter,value,uncertainty
numax_smooth,1303.82549513,65.18616451505476
A_smooth,1.698188118994398,0.20832923741782836
numax_gauss,1354.1860994319736,43.03993004252549
A_gauss,1.4558728271270578,0.2860452335809981
FWHM,284.63183131344175,64.56892845761611
dnu,70.65329396484404,0.8117174537639699
tau_1,1069.9176512473778,2121.1505025970487
sigma_1,31.10267823119266,42.947556790821615
tau_2,218.3036243261549,20.254139270792546
sigma_2,85.48367839036744,3.683552871629282
