star,numax,dnu,snr
1435467,1466.2753163457792,73.433876222636,9.835483052222514
