target,numax,dnu,snr
1435467.0,1442.5902890111615,72.4869214193654,7.253697028475634
2309595.0,639.4614720479008,37.90153020298462,26.561959396986108
