target,numax,dnu,snr
1435467.0,1446.0424183735495,72.62513688350765,21.962074992186675
11618103.0,107.51698908462812,9.151871731734813,60.03750442018609
2309595.0,646.4523546983207,38.23140764410194,12.930760071699163
