target,numax,dnu,snr
1435467.0,1440.1325733986841,72.38847912087094,18.551369852417007
2309595.0,643.6699594506991,38.10020248071801,20.091989007646703
