target,numax_smooth,amp_smooth,numax_gaussian,amp_gaussian,fwhm_gaussian,dnu,wn,a_1,b_1,a_2,b_2,a_3,b_3
1435467,1312.61897509,1.3402783256144764,1366.6314544415372,1.196966213980605,271.525515118286,70.93353771640821,1.389767016006109,6.1303066434063735,0.00195331208572726,1.7431572162174276,0.0006296031968130398,--,--
11618103,106.25896576,866.4604302623985,106.33160940445845,773.6922327089087,13.720001621737133,9.344347687593798,1.9596985254088983,19910956816.41779,29.921929037438034,2942.64070113022,0.032262308851935456,790.1999039681688,0.010952040429741936
2309595,642.8778347,16.301999801225072,641.4268111911981,10.810522729900935,61.74891367189401,36.85840857553777,16.133701700976964,58.3339994572625,0.0037354502485633548,--,--,--,--
