target,numax(smooth),numax(smooth)_err,maxamp(smooth),maxamp(smooth)_err,numax(gauss),numax(gauss)_err,maxamp(gauss),maxamp(gauss)_err,fwhm,fwhm_err,dnu,dnu_err
1435467.0,1318.25363216,77.21079679841003,0.7296679437100861,0.11874627844580415,1380.3638198852634,51.86236093483692,0.7529351790892749,0.1986595663838986,207.26476827578426,32.792937535186425,70.8600797,0.6328753696789412
2309595.0,646.8007504999999,10.089194117511411,8.63857747554674,3.5612213031672653,652.4503292049442,15.221392583482439,8.791726485665635,3.713122049356055,45.233966994331595,9.758578689363516,36.82737,2.3739278462489892
