target,numax(smooth),numax(smooth)_err,maxamp(smooth),maxamp(smooth)_err,numax(gauss),numax(gauss)_err,maxamp(gauss),maxamp(gauss)_err,fwhm,fwhm_err,dnu,dnu_err
1435467.0,1315.18018285,67.7176660382488,1.3812985089221934,0.17712252029927675,1372.0073428184785,49.02712735234538,1.220835951069399,0.14680979683353235,271.6799190856264,51.67562232720624,71.6370757150022,0.6328753696789412
11618103.0,106.29761241,1.1459522027952125,860.7137308943651,82.37722571967494,106.34331761189024,0.9307432679926452,774.9163498798706,73.03560930426191,13.963750116396492,0.9479299359877854,9.37649620499999,0.0572975348976984
2309595.0,642.8778347,10.089194124924342,16.262748075233787,4.3716922336779085,640.9806816654861,17.312888584617095,10.838690196952172,3.85654011014775,64.03210776823505,16.537181998547613,38.99656674999935,1.7804458846867417
