target,numax(smooth),numax(smooth)_err,maxamp(smooth),maxamp(smooth)_err,numax(gauss),numax(gauss)_err,maxamp(gauss),maxamp(gauss)_err,fwhm,fwhm_err,dnu,dnu_err
1435467.0,1318.25363216,84.80530139764353,0.7296679437100861,0.1300157406165245,1380.3638198852634,45.694171409556844,0.7529351790892749,0.1625748814799211,207.26476827578426,50.36074761674264,71.07707571500194,0.6328753696789412
2309595.0,646.8007504999999,7.418525090329991,8.63857747554674,4.209337739725181,652.4503292049442,9.880272270352618,8.791726485665635,3.9668193101475335,45.233966994331595,13.116244560269358,37.17600149999957,2.3356277831380092
