target,numax(smooth),numax(smooth)_err,maxamp(smooth),maxamp(smooth)_err,numax(gauss),numax(gauss)_err,maxamp(gauss),maxamp(gauss)_err,fwhm,fwhm_err,dnu,dnu_err
1435467.0,1318.59512652,0.0,0.7268828589467407,0.0,1380.7723950498969,0.0,0.7502584348344179,0.0,206.0825574934477,0.0,71.6370757150022,0.0
2309595.0,646.88081001,0.0,8.520617738752819,0.0,652.2756772685761,0.0,8.66901639783941,0.0,45.55850197226113,0.0,35.92600149999981,0.0
