target,numax(smooth),numax(smooth)_err,maxamp(smooth),maxamp(smooth)_err,numax(gauss),numax(gauss)_err,maxamp(gauss),maxamp(gauss)_err,fwhm,fwhm_err,dnu,dnu_err
1435467.0,1318.25363216,41.45333762577083,0.7296679437100861,0.1932588828652983,1380.3638198852634,46.378341608488405,0.7529351790892749,0.19040020918454195,207.26476827578426,35.94496170758679,71.07707571500194,0.6328753696789412
2309595.0,646.8007504999999,9.198971108450962,8.63857747554674,4.704952103603763,652.4503292049442,15.155218907821652,8.791726485665635,4.12529753664245,45.233966994331595,11.687600531952384,37.17600149999957,2.3739278462489892
