target,numax_smooth,amp_smooth,numax_gaussian,amp_gaussian,fwhm_gaussian,dnu,wn,a_1,b_1,a_2,b_2,a_3,b_3
1435467,1312.61897509,1.3402783629072683,1366.6314544415372,1.1969662359810411,271.52551874798525,70.91944402721359,1.389767015396294,6.130306824822767,0.00195331200303313,1.7431569710723118,0.0006296031683726256,--,--
11618103,106.25896576,866.4604317791321,106.33160940445845,773.692230593993,13.720001599489244,9.363777318909456,1.9596984652555132,20189565916.702026,30.02596638870747,2942.64080658603,0.032262308794127795,790.1998725210341,0.01095204030347219
2309595,642.8778347,16.30199979006973,641.4268111911981,10.810522735109622,61.74891370665605,36.86041106428215,16.13370170129341,58.33399898174157,0.0037354502324416046,--,--,--,--
