target,numax(smooth),numax(smooth)_err,maxamp(smooth),maxamp(smooth)_err,numax(gauss),numax(gauss)_err,maxamp(gauss),maxamp(gauss)_err,fwhm,fwhm_err,dnu,dnu_err
1435467.0,1318.25363216,68.66697912241912,0.7296679437100861,0.18359428201268996,1380.3638198852634,47.48915249820987,0.7529351790892749,0.22515235044732365,207.26476827578426,43.40340030122856,71.07707571500194,0.6328753696789412
2309595.0,646.8007504999999,9.198971108450962,8.63857747554674,3.858477350067521,652.4503292049442,12.329049588999732,8.791726485665635,3.70490841637334,45.233966994331595,12.370369241859967,37.17600149999957,2.3739278462489892
