target,numax(smooth),numax(smooth)_err,maxamp(smooth),maxamp(smooth)_err,numax(gauss),numax(gauss)_err,maxamp(gauss),maxamp(gauss)_err,fwhm,fwhm_err,dnu,dnu_err
1435467.0,1318.25363216,84.80530139764353,0.7296679437100861,0.1300157406165245,1380.3638198852632,45.69417140955684,0.7529351790892749,0.1625748814799211,207.26476827578423,50.360747616742636,71.07707571500193,0.6328753696789412
