target,numax(smo),s_numax(smo),maxamp(smo),s_maxamp(smo),numax(gauss),s_numax(gauss),maxamp(gauss),s_maxamp(gauss),fwhm,s_fwhm,dnu,s_dnu
1435467.0,1317.8267642,0.0,0.7253201142771029,0.0,1380.6078907824476,0.0,0.7491936290373035,0.0,205.71308299665458,0.0,70.86007970001447,0.0
