target,numax,dnu,snr
1435467.0,1439.015603179818,72.34372829108666,8.450071134407215
