numax_smooth,amp_smooth,numax_gaussian,amp_gaussian,fwhm_gaussian,dnu,wn,a_1,b_1,a_2,b_2
1312.61897509,1.3402783629072683,1366.6314544415372,1.1969662359810413,271.52551874798525,70.9194440272136,1.389767015396294,6.130306824822766,0.00195331200303313,1.7431569710723118,0.0006296031683726256
