target,numax,dnu,snr
1435467.0,1440.1325733986841,72.38847912087093,18.551369852417007
