target,numax(smooth),numax(smooth)_err,maxamp(smooth),maxamp(smooth)_err,numax(gauss),numax(gauss)_err,maxamp(gauss),maxamp(gauss)_err,fwhm,fwhm_err,dnu,dnu_err
1435467.0,1315.18018285,67.7176660382488,1.3812985089221934,0.17712252029927675,1372.0073428184783,49.027127352345374,1.2208359510693987,0.14680979683353235,271.6799190856264,51.67562232720624,71.63707571500221,0.6328753696789412
