target,numax(smooth),numax(smooth)_err,maxamp(smooth),maxamp(smooth)_err,numax(gauss),numax(gauss)_err,maxamp(gauss),maxamp(gauss)_err,fwhm,fwhm_err,dnu,dnu_err
1435467.0,1318.25363216,35.124583795547025,0.7296679437100861,0.29756336656384286,1380.3631318058947,17.270839391083037,0.7529327031123608,0.2645436338516116,207.26613401078276,22.27009747748357,70.8600797,0.3164376848394706
