target,numax(smooth),numax(smooth)_err,maxamp(smooth),maxamp(smooth)_err,numax(gauss),numax(gauss)_err,maxamp(gauss),maxamp(gauss)_err,fwhm,fwhm_err,dnu,dnu_err
1435467.0,1318.25363216,41.45333762577083,0.7296679437100861,0.1932588828652983,1380.3638198852632,46.37834160848841,0.7529351790892749,0.19040020918454195,207.26476827578423,35.94496170758679,71.07707571500193,0.6328753696789412
