target,numax(smooth),numax(smooth)_err,maxamp(smooth),maxamp(smooth)_err,numax(gauss),numax(gauss)_err,maxamp(gauss),maxamp(gauss)_err,fwhm,fwhm_err,dnu,dnu_err
1435467.0,1318.25363216,77.21079679841003,0.7296679437100861,0.11874627844580417,1380.3638198852632,51.86236093483692,0.7529351790892749,0.1986595663838986,207.26476827578423,32.79293753518642,70.8600797,0.6328753696789412
