target,numax,dnu,snr
1435467.0,1442.5902890111615,72.4869214193654,7.253697028475634
