target,numax,dnu,snr
1435467.0,1435.5948149495796,72.20663229554016,95.23421421812438
