target,numax,dnu,snr
1435467.0,1446.0424183735497,72.62513688350765,21.962074992186675
