parameter,value,uncertainty
numax_smooth,1312.61897509,--
amp_smooth,1.3402783629072683,--
numax_gaussian,1366.6314544415372,--
amp_gaussian,1.1969662359810413,--
fwhm_gaussian,271.52551874798525,--
dnu,70.9194440272136,--
wn,1.389767015396294,--
a_1,6.130306824822766,--
b_1,0.00195331200303313,--
a_2,1.7431569710723118,--
b_2,0.0006296031683726256,--
