target,numax,dnu,snr
1435467.0,1443.2257158019233,72.51236751061792,6.441297074165653
