star,numax,dnu,snr
2309595,636.5115437495203,37.762113174057504,10.87554754090544
