target,numax,dnu,snr
1433534.0,1480.6177380704748,74.00579193771912,2.4637753441464194
