star,numax,dnu,snr
11618103,109.63849697952793,9.295510594243657,81.26094182973759
