star,numax,dnu,snr
1435467,1466.2758561094286,73.43389776745592,9.84295865829856
